"country","continent","lifeExp","pop","gdpPercap"
"中國","北",43.828,31889923,974.5803384
"幹","北",76.423,3600523,5937.029526
"新北市","北",2052.5667,4023620,733776
