"country","continent","lifeExp","pop","gdpPercap"
"中國","北",43.828,31889923,974.5803384
"幹","北",76.423,3600523,5937.029526
"Algeria","北",72.301,33333216,6223.367465
"Angola","北",42.731,12420476,4797.231267
"Argentina","北",75.32,40301927,12779.37964
"Australia","北",81.235,20434176,34435.36744
"Austria","中",79.829,8199783,36126.4927
"Bahrain","中",75.635,708573,29796.04834
