"country","continent","lifeExp","pop","gdpPercap"
"中國","北",43.828,31889923,974.5803384
"幹","北",76.423,3600523,5937.029526
"肏","北",72.301,33333216,6223.367465
